"ssn";"first_name";"last_name";"phone";"address"
100234142;"Amparo";"Haley";"(315)480-5601";5
100973241;"Weldon";"Wood";"(660)711-9938";4
108669276;"Selma";"Steele";"(621)640-8549";11
109261146;"Kerry";"Prince";"(749)652-9787";33
112135130;"Sal";"Bryant";"(514)104-7515";44
117395806;"Tim";"Alvarado";"(148)156-7626";19
124745659;"Leonardo";"Saunders";"(742)980-8909";15
126514405;"Tim";"Mckee";"(322)849-8182";6
127347642;"Lourdes";"Mcclain";"(507)809-1514";14
130436667;"Shannon";"Choi";"(731)731-9839";38
141923066;"Leonardo";"Gould";"(698)721-6890";10
156498168;"Denny";"Glass";"(364)102-2476";1
157542079;"Rosalyn";"Webster";"(161)827-5797";39
164563642;"Leonardo";"Benjamin";"(146)959-2445";5
166408082;"Nickolas";"Gamble";"(104)333-4582";5
167789099;"Rich";"Foley";"(843)483-5352";13
167883113;"Amparo";"Patrick";"(998)769-1246";35
169147166;"Woodrow";"Hogan";"(518)431-6643";44
176749747;"Lindsey";"Lara";"(201)542-4654";42
176966417;"Nora";"Summers";"(285)777-3165";37
177542995;"Misty";"Reynolds";"(941)370-1021";20
180287545;"Lourdes";"Summers";"(291)359-3673";18
184235278;"Darryl";"Barrera";"(681)204-9464";40
187619128;"Dorothy";"Webster";"(576)429-7281";47
188418723;"Troy";"Mathews";"(262)408-2485";2
188592559;"Kristin";"Merritt";"(175)186-6524";16
189342083;"May";"Quinn";"(363)939-7100";27
189386622;"Will";"Steele";"(557)697-3907";1
193384539;"Maynard";"Serrano";"(453)237-6411";19
200742794;"Reid";"Mcgee";"(683)562-3593";24
203571863;"Rafael";"Blackburn";"(729)833-2260";11
209704934;"Antonio";"Horton";"(199)927-7368";24
210138373;"Leroy";"Meadows";"(218)558-3298";32
210765194;"Eula";"Mack";"(221)903-8773";7
212598290;"Antonio";"Daniel";"(586)371-8290";28
215685754;"Rosalyn";"Pollard";"(940)179-5446";6
218354692;"Corine";"Fry";"(772)265-6199";41
223394351;"Shaun";"Bryant";"(524)501-4587";9
223749063;"Dorothy";"Bridges";"(842)987-9146";40
224146342;"Troy";"Mathews";"(590)962-3476";38
224954381;"Carl";"Bryant";"(636)746-3512";30
226956257;"Javier";"Bonilla";"(402)961-9253";5
236393469;"Darrell";"Potts";"(410)403-6137";26
236811273;"Tim";"Cross";"(465)761-3226";20
237886771;"Meredith";"Glover";"(731)907-7216";45
239586202;"Maricela";"Richardson";"(626)964-4288";9
242112543;"Darrell";"Pugh";"(141)813-6678";39
242701242;"Shaun";"Dudley";"(306)310-9457";43
244109358;"Tabitha";"Prince";"(703)603-5592";21
245582527;"Shaun";"Mckee";"(926)703-5868";37
255938281;"Harrison";"Garrett";"(929)895-7264";22
262841240;"Marcie";"Ellison";"(414)381-2701";43
264507337;"Major";"Mckinney";"(444)805-2715";35
272506031;"Denny";"Reynolds";"(712)356-2078";30
273856240;"Rusty";"Shepard";"(579)617-4262";33
273922832;"Branden";"Coffey";"(147)937-1813";48
274697312;"Major";"Serrano";"(323)709-9777";38
279249940;"Nora";"Richardson";"(948)841-1611";1
281228606;"Tim";"Fry";"(182)520-7063";41
281962594;"Ericka";"Prince";"(380)300-5216";41
284975464;"Misty";"Horton";"(823)332-2903";12
285845545;"Shaun";"Daniel";"(420)740-5010";8
286133351;"Tim";"Ryan";"(789)431-4288";8
288195544;"Gale";"Jimenez";"(318)955-6843";28
291954259;"Amparo";"Livingston";"(516)277-1153";42
300772161;"May";"Haley";"(404)527-7163";4
304176575;"Tyrone";"Serrano";"(366)368-7248";32
307796479;"Leroy";"Brandt";"(854)840-5252";9
310545810;"Leonardo";"Haley";"(727)427-2128";42
311694669;"Weldon";"Benjamin";"(955)464-5629";20
311925111;"Cameron";"Garrett";"(763)540-4137";46
314473523;"May";"Reynolds";"(707)883-3390";7
314508940;"Janie";"Porter";"(357)373-9624";20
317613656;"Tyrone";"Reynolds";"(156)911-6585";9
318457431;"Essie";"Mathews";"(803)867-1638";44
333725698;"Antonio";"Benjamin";"(417)956-9435";17
333748622;"Denny";"Bonilla";"(748)749-2643";19
335754584;"Nora";"Glover";"(589)131-5900";28
339663992;"Rafael";"Ponce";"(660)482-1393";36
343354451;"Araceli";"Meadows";"(461)746-5653";6
349535407;"Lindsey";"Dudley";"(167)214-3682";5
351565968;"Lupe";"Wood";"(306)823-9504";14
357549322;"Gale";"Richardson";"(443)301-2300";15
358867248;"Aurelio";"Richardson";"(275)465-6232";36
361135509;"May";"Serrano";"(627)182-3508";24
368624731;"Domingo";"Moon";"(960)656-5284";19
373365283;"Bradley";"Adams";"(213)915-6772";43
373763281;"Tabitha";"Daniel";"(272)589-9206";23
375526852;"Edwina";"Jimenez";"(382)169-1957";29
377196496;"Kerry";"Bowman";"(534)488-7051";19
379935031;"Heather";"Patrick";"(328)854-7082";29
388669806;"Sandy";"Mcclain";"(722)522-1347";27
390435774;"Leonardo";"Garrett";"(704)918-5829";3
394722460;"Sandy";"Cross";"(463)949-9460";16
399909519;"Carl";"Craig";"(336)439-6180";38
400305079;"Javier";"Fry";"(506)230-2105";34
401641931;"Lucio";"Craig";"(387)929-6946";17
403405928;"Kelly";"Bridges";"(995)697-1711";26
405157851;"Javier";"Livingston";"(496)127-2237";45
405241544;"Rafael";"Bryant";"(771)679-3666";39
408462313;"Maricela";"Potts";"(885)503-1811";27
413428813;"Denny";"Bryant";"(525)649-6299";35
417639938;"Lea";"Wyatt";"(960)639-3888";44
419542673;"Harry";"Quinn";"(840)389-4425";37
422162251;"Major";"Craig";"(794)894-7793";34
425419683;"May";"Alvarado";"(132)759-6851";47
426736670;"Troy";"Alvarado";"(513)873-5814";4
429343655;"Lea";"Meadows";"(695)435-2413";27
429874940;"Marcie";"Gould";"(145)976-2890";39
431127352;"Leroy";"Cross";"(716)381-9282";10
431276078;"Misty";"Choi";"(394)742-6568";27
432345906;"Carl";"Bridges";"(821)968-6187";9
446207881;"Maynard";"Pope";"(786)194-7222";10
448589947;"Dorothy";"Taylor";"(887)374-7298";31
449757671;"Rich";"Gamble";"(693)157-4056";38
451778475;"Selma";"Webster";"(984)341-1957";47
452951726;"Rafael";"Horton";"(303)309-1067";27
456691985;"Branden";"Dudley";"(275)674-9119";19
459729081;"Edwina";"Mclaughlin";"(174)496-4410";37
460945724;"Maynard";"Bonilla";"(293)196-4260";23
461299356;"Kristin";"Cross";"(659)602-2870";40
470248594;"Branden";"Horton";"(762)535-2010";17
473748538;"Lindsey";"Livingston";"(148)698-3843";12
475649002;"Domingo";"Roach";"(222)172-6506";32
476396035;"Weldon";"Bridges";"(921)598-5774";37
476762000;"Amos";"Saunders";"(710)674-7523";32
480797258;"Misty";"Reynolds";"(783)754-3441";32
485802567;"Essie";"Ellison";"(732)173-9179";12
492803833;"Maynard";"Bryant";"(750)480-8064";1
494335957;"Javier";"Mclaughlin";"(938)701-9505";8
494853894;"Major";"Shepard";"(719)550-3703";33
498435824;"Nora";"Daniel";"(819)638-9905";40
506664779;"Rich";"Adams";"(417)886-9595";37
508216516;"Rocco";"Prince";"(753)634-4231";26
510641864;"Darryl";"Hogan";"(776)448-6892";26
513582750;"Reid";"Bridges";"(935)420-5216";30
514861891;"Erwin";"Adams";"(262)650-1566";22
515209266;"Troy";"Mcclain";"(362)402-1278";12
518684622;"Lourdes";"Mathews";"(256)186-7069";12
520217326;"Gale";"Choi";"(545)685-6336";17
520769724;"Erwin";"Porter";"(316)659-7148";8
521519062;"Woodrow";"Blackburn";"(413)529-1722";7
527678637;"Carl";"Saunders";"(960)113-6434";18
529854685;"Sandy";"Cross";"(347)158-2978";24
530994902;"Eula";"Merritt";"(642)277-2383";46
535103735;"Rafael";"Wood";"(361)551-4024";36
536579465;"Carl";"Gould";"(559)976-5283";35
536866121;"Major";"Mckinney";"(804)801-9676";7
539801480;"Rafael";"Bryant";"(987)357-5871";34
552828492;"Tyrone";"Taylor";"(169)962-1330";32
559178634;"Eula";"Lara";"(475)801-8479";9
561758142;"Carl";"Serrano";"(430)410-4961";21
567253768;"Branden";"Duke";"(593)813-8704";48
568891363;"Kelly";"Adams";"(699)649-2236";13
569292230;"Leroy";"Hogan";"(590)709-5857";19
570549344;"Lea";"Haley";"(117)318-2936";11
572715624;"Cameron";"Ellison";"(954)197-4745";7
573904306;"Stacy";"Wood";"(946)671-9113";13
578267163;"Janie";"Adams";"(775)371-4460";4
580751244;"Major";"Barton";"(189)465-3587";12
589652440;"Rafael";"Bryant";"(748)880-9064";24
602195052;"Nickolas";"Richardson";"(669)294-7875";34
602376403;"Janie";"Summers";"(440)626-1510";46
605149864;"Corine";"Reynolds";"(904)643-9228";18
608994841;"Dorothy";"Cross";"(124)664-9112";43
610395755;"Christi";"Mathews";"(725)734-5878";7
611462522;"Lea";"Mack";"(964)969-1403";32
612105712;"Dorothy";"Webster";"(455)642-7085";35
615949291;"Shaun";"Taylor";"(945)995-7704";38
616221742;"Aurelio";"Lara";"(180)631-4571";14
624755144;"Rafael";"Mcclain";"(491)324-9207";40
628518254;"Meredith";"Benjamin";"(944)701-8359";7
631717085;"Woodrow";"Bryant";"(267)185-4009";8
633567002;"Essie";"Ponce";"(502)407-8659";44
646648331;"Leonardo";"Horton";"(342)626-1989";13
650664895;"Weldon";"Mack";"(475)121-6131";23
657468189;"Heather";"Serrano";"(386)961-2914";20
659582039;"Carl";"Merritt";"(559)840-1466";11
666569694;"Lavern";"Dudley";"(271)567-8872";8
667767420;"Kristin";"Serrano";"(200)450-4049";24
682323768;"Kristin";"Brandt";"(825)462-8988";37
684834886;"Maynard";"Duke";"(765)526-1898";30
688613847;"Selma";"Adams";"(503)765-3004";27
694631471;"Darryl";"Meadows";"(576)517-2245";7
697417987;"Branden";"Pugh";"(552)938-6662";15
704458130;"Bradley";"Mclaughlin";"(320)237-3201";41
705921107;"Antonio";"Richardson";"(896)793-6298";1
710317054;"Nickolas";"Webster";"(163)666-5021";18
711327106;"Major";"Hogan";"(909)970-2860";29
716442188;"Nora";"Bryant";"(190)682-9434";41
719599835;"Major";"Livingston";"(968)128-5467";35
721513167;"Harry";"Haley";"(497)998-7120";27
726289600;"Selma";"Bryant";"(995)866-9895";17
730691366;"Leroy";"Mckinney";"(452)993-5253";19
731145954;"Rocco";"Hogan";"(764)798-4393";30
732757431;"Lourdes";"Bonilla";"(729)776-4059";30
734162397;"Erwin";"Mack";"(927)304-3120";33
736439584;"Major";"Barton";"(411)157-3145";22
738218781;"Maricela";"Alvarado";"(629)465-1810";39
742184213;"Dorothy";"Foley";"(540)650-9977";44
745324591;"Lindsey";"Livingston";"(896)580-3631";34
745826234;"Marcie";"Horton";"(964)156-4914";29
749169571;"Misty";"Cross";"(353)353-4547";18
749832818;"Cameron";"Serrano";"(148)278-9846";18
759746954;"Nora";"Mckee";"(708)508-5149";30
759798943;"Sandy";"Gamble";"(659)622-9839";23
765959930;"Maricela";"Mack";"(473)567-7885";12
769581701;"May";"Bowman";"(917)992-2861";2
769624842;"Domingo";"Merritt";"(389)756-2291";4
770434589;"Lourdes";"Wood";"(710)332-1064";23
779557475;"Harry";"Bryant";"(167)308-7219";6
784298298;"Woodrow";"Bryant";"(344)461-1379";13
787522732;"Troy";"Webster";"(883)559-8021";30
789624955;"Janie";"Bryant";"(793)743-2786";8
792595926;"Harry";"Quinn";"(404)166-3183";7
795523606;"Lea";"Richardson";"(322)479-6056";28
803602629;"Leonardo";"Taylor";"(798)654-1890";17
809342210;"Kerry";"Steele";"(803)772-5741";37
809719984;"Lupe";"Garrett";"(740)232-6175";8
810212987;"Meredith";"Livingston";"(316)731-1553";13
812259378;"May";"Potts";"(128)135-3348";12
812936951;"Meredith";"Benjamin";"(227)418-3385";29
814745078;"Kristin";"Summers";"(953)471-3892";26
816371567;"Maynard";"Bryant";"(592)913-9785";27
819781706;"Maynard";"Craig";"(844)134-2621";16
825207822;"Darryl";"Porter";"(136)905-4894";46
825918927;"Rusty";"Quinn";"(954)572-1368";6
826328212;"Misty";"Pope";"(860)584-8228";38
829911556;"Kelly";"Adams";"(292)439-1904";8
831251495;"Leonardo";"Wood";"(226)401-2555";30
831824650;"Lea";"Craig";"(796)944-4798";7
836555908;"Gale";"Glass";"(705)135-1531";46
838242471;"Maricela";"Richardson";"(913)219-8632";47
843533428;"Corine";"Craig";"(264)536-5351";32
845432982;"Essie";"Reynolds";"(268)136-7896";37
845973649;"Araceli";"Choi";"(357)806-6734";23
847979401;"Will";"Foley";"(230)714-4908";34
848392131;"Bradley";"Ellison";"(830)812-5298";12
849173043;"Cameron";"Summers";"(501)796-7406";29
849529181;"Darryl";"Pugh";"(565)727-9069";30
851426814;"Erwin";"Merritt";"(932)253-5802";40
853238178;"Leonardo";"Adams";"(534)962-4426";41
853942928;"Lourdes";"Blackburn";"(829)107-4356";44
861188271;"Denny";"Cross";"(841)500-9253";45
863901227;"Cameron";"Brandt";"(841)565-4340";46
864232404;"May";"Quinn";"(534)661-9839";21
870408984;"Heather";"Daniel";"(906)625-2697";31
872407270;"Rocco";"Gamble";"(340)239-3236";28
874744404;"Leonardo";"Brandt";"(632)355-5678";11
876744359;"Carole";"Glass";"(226)615-6284";31
878825720;"Will";"Merritt";"(845)648-2204";23
883867485;"Selma";"Blackburn";"(862)136-3697";41
893865258;"Tim";"Coffey";"(569)907-8540";20
895296058;"Denny";"Guerra";"(714)701-2095";47
896558315;"Rocco";"Bonilla";"(101)739-2207";11
901548274;"Shannon";"Coffey";"(216)877-2912";3
903615860;"Denny";"Gamble";"(682)857-3120";41
907199053;"Rafael";"Zamora";"(345)543-9432";41
913815937;"Marcie";"Cross";"(392)421-2440";18
914943749;"Antonio";"Craig";"(878)903-5967";46
918419624;"Rafael";"Reynolds";"(709)999-1205";35
922891671;"Araceli";"Glover";"(853)644-5221";32
927366605;"Lourdes";"Horton";"(787)896-4541";4
938209723;"Lindsey";"Barrera";"(152)597-3200";10
939992987;"Gertrude";"Potts";"(196)465-5922";10
940352830;"Rich";"Steele";"(557)295-5571";41
944414326;"Lupe";"Mcclain";"(137)617-5576";41
945583394;"Lavern";"Pope";"(676)690-3735";25
945914893;"Cameron";"Foley";"(895)134-7888";29
947346502;"Kerry";"Ryan";"(920)229-3933";27
950913495;"Selma";"Choi";"(419)908-2279";23
953175455;"Gertrude";"Mason";"(926)627-6386";2
954686507;"Bradley";"Bowman";"(894)393-4975";37
955558850;"Kerry";"Fry";"(711)278-4844";13
958475650;"Araceli";"Quinn";"(138)478-4000";7
960304709;"Bradley";"Glover";"(924)940-6212";42
964354966;"Sandy";"Lara";"(916)938-5982";15
966959763;"Dorothy";"Bonilla";"(822)870-5083";15
968931684;"Troy";"Taylor";"(483)369-8661";10
971176848;"Harry";"Gamble";"(698)247-7396";39
971347049;"Carl";"Taylor";"(846)562-6561";30
980707671;"Lourdes";"Ryan";"(401)740-6854";14
983748815;"Rusty";"Bowman";"(739)592-3480";32
986382516;"Rafael";"Spencer";"(277)841-2008";21
992484079;"Janie";"Ryan";"(318)573-9581";20
996657556;"Javier";"Dudley";"(999)790-6410";9
997942472;"Leonardo";"Mckinney";"(995)733-2539";34
